INSERT INTO `system_menu`(`ID`, `CREATE_ID`, `CREATE_TIME`, `OPERATER_ID`, `OPERATER_TIME`, `OPERATER_STATUS`, `IS_ENABLE`, `PARENT_ID`, `NAME`, `CODE`, `LEVEL`, `URL`, `ICON`, `INDEX_SORT`, `CATEGORY`, `TYPE`, `TARGET`) VALUES (1, 1, '2019-02-13 13:05:00', 1, '2019-07-13 22:54:19', 1, 1, 0, '系统管理', 'SYSTEM_MANAGEMENT', 0, '', 'fa fa-gear', 1, 9999, 9999, '_self');
INSERT INTO `system_menu`(`ID`, `CREATE_ID`, `CREATE_TIME`, `OPERATER_ID`, `OPERATER_TIME`, `OPERATER_STATUS`, `IS_ENABLE`, `PARENT_ID`, `NAME`, `CODE`, `LEVEL`, `URL`, `ICON`, `INDEX_SORT`, `CATEGORY`, `TYPE`, `TARGET`) VALUES (2, 1, '2019-02-13 13:05:01', 1, '2019-02-13 13:05:01', 1, 1, 1, '用户管理', 'SYSTEM_USER_MANAGEMENT', 1, '', 'fa fa-user', 1, 9999, 9999, '_self');
INSERT INTO `system_menu`(`ID`, `CREATE_ID`, `CREATE_TIME`, `OPERATER_ID`, `OPERATER_TIME`, `OPERATER_STATUS`, `IS_ENABLE`, `PARENT_ID`, `NAME`, `CODE`, `LEVEL`, `URL`, `ICON`, `INDEX_SORT`, `CATEGORY`, `TYPE`, `TARGET`) VALUES (3, 1, '2019-02-13 13:05:01', 1, '2019-02-13 13:05:01', 1, 1, 1, '权限管理', 'SYSTEM_PERMISSION_MANAGEMENT', 1, '', 'fa fa-bars', 2, 9999, 9999, '_self');
INSERT INTO `system_menu`(`ID`, `CREATE_ID`, `CREATE_TIME`, `OPERATER_ID`, `OPERATER_TIME`, `OPERATER_STATUS`, `IS_ENABLE`, `PARENT_ID`, `NAME`, `CODE`, `LEVEL`, `URL`, `ICON`, `INDEX_SORT`, `CATEGORY`, `TYPE`, `TARGET`) VALUES (4, 1, '2019-02-13 13:05:01', 1, '2019-02-13 13:05:01', -1, 2, 1, '权限关联管理', 'SYSTEM_PERMISSION_ASSOCIATION_MANAGEMENT', 1, '', 'fa fa-bars', 3, 9999, 9999, '_self');
INSERT INTO `system_menu`(`ID`, `CREATE_ID`, `CREATE_TIME`, `OPERATER_ID`, `OPERATER_TIME`, `OPERATER_STATUS`, `IS_ENABLE`, `PARENT_ID`, `NAME`, `CODE`, `LEVEL`, `URL`, `ICON`, `INDEX_SORT`, `CATEGORY`, `TYPE`, `TARGET`) VALUES (5, 1, '2019-02-13 13:05:01', 1, '2019-02-13 13:05:01', 1, 1, 2, '用户列表', 'SYSTEM_USER_LIST_MANAGEMENT', 1, '/system/user/page/list', 'fa fa-user', 1, 9999, 9999, '_self');
INSERT INTO `system_menu`(`ID`, `CREATE_ID`, `CREATE_TIME`, `OPERATER_ID`, `OPERATER_TIME`, `OPERATER_STATUS`, `IS_ENABLE`, `PARENT_ID`, `NAME`, `CODE`, `LEVEL`, `URL`, `ICON`, `INDEX_SORT`, `CATEGORY`, `TYPE`, `TARGET`) VALUES (6, 1, '2019-02-13 13:05:02', 1, '2019-02-13 13:05:02', 1, 1, 3, '角色列表', 'SYSTEM_ROLE_LIST_MANAGEMENT', 2, '/system/role/page/list', 'fa fa-window-maximize', 1, 9999, 9999, '_self');
INSERT INTO `system_menu`(`ID`, `CREATE_ID`, `CREATE_TIME`, `OPERATER_ID`, `OPERATER_TIME`, `OPERATER_STATUS`, `IS_ENABLE`, `PARENT_ID`, `NAME`, `CODE`, `LEVEL`, `URL`, `ICON`, `INDEX_SORT`, `CATEGORY`, `TYPE`, `TARGET`) VALUES (7, 1, '2019-02-13 13:05:03', 1, '2019-12-17 09:38:57', 1, 1, 3, '菜单列表', 'SYSTEM_MENU_LIST_MANAGEMENT', 2, '/system/menu/page/list', 'fa fa-bars', 2, 9999, 9999, '_self');
INSERT INTO `system_menu`(`ID`, `CREATE_ID`, `CREATE_TIME`, `OPERATER_ID`, `OPERATER_TIME`, `OPERATER_STATUS`, `IS_ENABLE`, `PARENT_ID`, `NAME`, `CODE`, `LEVEL`, `URL`, `ICON`, `INDEX_SORT`, `CATEGORY`, `TYPE`, `TARGET`) VALUES (8, 1, '2019-02-13 13:15:04', 1, '2019-02-13 13:15:04', -1, 2, 3, '按钮列表', 'SYSTEM_BUTTON_LIST_MANAGEMENT', 2, '/system/button/page/list', 'fa fa-window-maximize', 3, 9999, 9999, '_self');
INSERT INTO `system_menu`(`ID`, `CREATE_ID`, `CREATE_TIME`, `OPERATER_ID`, `OPERATER_TIME`, `OPERATER_STATUS`, `IS_ENABLE`, `PARENT_ID`, `NAME`, `CODE`, `LEVEL`, `URL`, `ICON`, `INDEX_SORT`, `CATEGORY`, `TYPE`, `TARGET`) VALUES (9, 1, '2019-02-13 13:15:05', 1, '2019-12-17 09:39:40', 1, 1, 5, '用户角色关联列表', 'SYSTEM_USER_ROLE_LIST_MANAGEMENT', 3, '/system/user/role/page/list', 'fa fa-users', 1, 9999, 9999, '_item');
INSERT INTO `system_menu`(`ID`, `CREATE_ID`, `CREATE_TIME`, `OPERATER_ID`, `OPERATER_TIME`, `OPERATER_STATUS`, `IS_ENABLE`, `PARENT_ID`, `NAME`, `CODE`, `LEVEL`, `URL`, `ICON`, `INDEX_SORT`, `CATEGORY`, `TYPE`, `TARGET`) VALUES (10, 1, '2019-02-13 13:15:06', 1, '2019-07-20 11:22:18', 1, 1, 6, '角色菜单关联列表', 'SYSTEM_ROLE_MENU_LIST_MANAGEMENT', 3, '/system/role/menu/page/list', 'fa fa-compress', 2, 9999, 9999, '_item');
INSERT INTO `system_menu`(`ID`, `CREATE_ID`, `CREATE_TIME`, `OPERATER_ID`, `OPERATER_TIME`, `OPERATER_STATUS`, `IS_ENABLE`, `PARENT_ID`, `NAME`, `CODE`, `LEVEL`, `URL`, `ICON`, `INDEX_SORT`, `CATEGORY`, `TYPE`, `TARGET`) VALUES (11, 1, '2019-02-13 13:15:07', 1, '2019-12-17 09:39:23', -1, 2, 4, '角色菜单按钮关联列表', 'SYSTEM_ROLE_BUTTON_LIST_MANAGEMENT', 2, '/system/role/menu/button/page/list', 'fa fa-compress', 3, 9999, 9999, '_self');
INSERT INTO `system_menu`(`ID`, `CREATE_ID`, `CREATE_TIME`, `OPERATER_ID`, `OPERATER_TIME`, `OPERATER_STATUS`, `IS_ENABLE`, `PARENT_ID`, `NAME`, `CODE`, `LEVEL`, `URL`, `ICON`, `INDEX_SORT`, `CATEGORY`, `TYPE`, `TARGET`) VALUES (12, 1, '2019-07-24 16:40:06', 1, '2019-07-24 16:40:06', 1, 1, 1, '系统综合管理', 'SYSTEM_COMPOSITE_MANAGEMENT', 1, '', 'fa fa-slideshare', 4, 9999, 9999, '_self');
INSERT INTO `system_menu`(`ID`, `CREATE_ID`, `CREATE_TIME`, `OPERATER_ID`, `OPERATER_TIME`, `OPERATER_STATUS`, `IS_ENABLE`, `PARENT_ID`, `NAME`, `CODE`, `LEVEL`, `URL`, `ICON`, `INDEX_SORT`, `CATEGORY`, `TYPE`, `TARGET`) VALUES (13, 1, '2019-07-24 17:17:08', 1, '2019-07-24 17:17:08', 1, 1, 12, '操作日志列表', 'SYSTEM_LOG_LIST_MANAGEMENT', 2, '/system/log/page/list', 'fa fa-file-text', 1, 9999, 9999, '_self');
INSERT INTO `system_menu`(`ID`, `CREATE_ID`, `CREATE_TIME`, `OPERATER_ID`, `OPERATER_TIME`, `OPERATER_STATUS`, `IS_ENABLE`, `PARENT_ID`, `NAME`, `CODE`, `LEVEL`, `URL`, `ICON`, `INDEX_SORT`, `CATEGORY`, `TYPE`, `TARGET`) VALUES (14, 1, '2019-07-25 14:27:01', 1, '2019-07-25 14:27:01', 1, 1, 12, '类型列表', 'SYSTEM_TYPE_LIST_MANAGEMENT', 2, '/system/type/page/list', 'fa fa-file-text', 2, 9999, 9999, '_self');
INSERT INTO `system_menu`(`ID`, `CREATE_ID`, `CREATE_TIME`, `OPERATER_ID`, `OPERATER_TIME`, `OPERATER_STATUS`, `IS_ENABLE`, `PARENT_ID`, `NAME`, `CODE`, `LEVEL`, `URL`, `ICON`, `INDEX_SORT`, `CATEGORY`, `TYPE`, `TARGET`) VALUES (15, 1, '2019-07-25 14:27:44', 1, '2019-07-25 14:27:44', 1, 1, 12, '字典列表', 'SYSTEM_DICT_LIST_MANAGEMENT', 2, '/system/dict/page/list', 'fa fa-file-text', 3, 9999, 9999, '_self');
INSERT INTO `system_menu`(`ID`, `CREATE_ID`, `CREATE_TIME`, `OPERATER_ID`, `OPERATER_TIME`, `OPERATER_STATUS`, `IS_ENABLE`, `PARENT_ID`, `NAME`, `CODE`, `LEVEL`, `URL`, `ICON`, `INDEX_SORT`, `CATEGORY`, `TYPE`, `TARGET`) VALUES (16, 1, '2019-07-27 19:55:13', 1, '2021-12-12 20:35:23', 2, 1, 12, '后台白名单IP列表', 'SYSTEM_BACKSTAGE_WHITE_LIST_IP_MANAGEMENT', 2, '/system/backstage/white/list/ip/page/list', 'fa fa-file-text', 4, 9999, 9999, '_self');
INSERT INTO `system_menu`(`ID`, `CREATE_ID`, `CREATE_TIME`, `OPERATER_ID`, `OPERATER_TIME`, `OPERATER_STATUS`, `IS_ENABLE`, `PARENT_ID`, `NAME`, `CODE`, `LEVEL`, `URL`, `ICON`, `INDEX_SORT`, `CATEGORY`, `TYPE`, `TARGET`) VALUES (17, 1, '2019-07-27 19:56:01', 1, '2021-12-12 20:35:42', 2, 1, 12, '后台黑名单IP列表', 'SYSTEM_BACKSTAGE_BLACK_LIST_IP_MANAGEMENT', 2, '/system/backstage/black/list/ip/page/list', 'fa fa-file-text', 5, 9999, 9999, '_self');
INSERT INTO `system_menu`(`ID`, `CREATE_ID`, `CREATE_TIME`, `OPERATER_ID`, `OPERATER_TIME`, `OPERATER_STATUS`, `IS_ENABLE`, `PARENT_ID`, `NAME`, `CODE`, `LEVEL`, `URL`, `ICON`, `INDEX_SORT`, `CATEGORY`, `TYPE`, `TARGET`) VALUES (18, 1, '2021-12-12 20:27:03', 1, '2021-12-12 20:36:21', 2, 1, 12, '前端白名单IP列表', 'SYSTEM_FRONT_WHITE_LIST_IP_MANAGEMENT', 2, '/system/front/white/list/ip/page/list', 'fa fa-file-text', 7, 9999, 9999, '_self');
INSERT INTO `system_menu`(`ID`, `CREATE_ID`, `CREATE_TIME`, `OPERATER_ID`, `OPERATER_TIME`, `OPERATER_STATUS`, `IS_ENABLE`, `PARENT_ID`, `NAME`, `CODE`, `LEVEL`, `URL`, `ICON`, `INDEX_SORT`, `CATEGORY`, `TYPE`, `TARGET`) VALUES (19, 1, '2021-12-12 20:25:59', 1, '2021-12-12 20:35:51', 2, 1, 12, '前端黑名单IP列表', 'SYSTEM_FRONT_BLACK_LIST_IP_MANAGEMENT', 2, '/system/front/black/list/ip/page/list', 'fa fa-file-text', 6, 9999, 9999, '_self');
INSERT INTO `system_menu`(`ID`, `CREATE_ID`, `CREATE_TIME`, `OPERATER_ID`, `OPERATER_TIME`, `OPERATER_STATUS`, `IS_ENABLE`, `PARENT_ID`, `NAME`, `CODE`, `LEVEL`, `URL`, `ICON`, `INDEX_SORT`, `CATEGORY`, `TYPE`, `TARGET`) VALUES (20, 1, '2021-12-12 20:30:03', 1, '2021-12-12 20:30:03', 1, 1, 1, '数据权限管理', 'DATA_PERMISSION_MANAGEMENT', 1, '', 'fa fa-table', 5, 9999, 9999, '_self');
INSERT INTO `system_menu`(`ID`, `CREATE_ID`, `CREATE_TIME`, `OPERATER_ID`, `OPERATER_TIME`, `OPERATER_STATUS`, `IS_ENABLE`, `PARENT_ID`, `NAME`, `CODE`, `LEVEL`, `URL`, `ICON`, `INDEX_SORT`, `CATEGORY`, `TYPE`, `TARGET`) VALUES (79, 1, '2022-12-18 01:27:49', 1, '2022-12-18 01:27:49', 1, 1, 14, '类型子项列表', 'SYSTEM_TYPE_ITEM_LIST_MANAGEMENT', 2, '', 'fa fa-bars', 1, 9999, 9999, '_item');
INSERT INTO `system_menu`(`ID`, `CREATE_ID`, `CREATE_TIME`, `OPERATER_ID`, `OPERATER_TIME`, `OPERATER_STATUS`, `IS_ENABLE`, `PARENT_ID`, `NAME`, `CODE`, `LEVEL`, `URL`, `ICON`, `INDEX_SORT`, `CATEGORY`, `TYPE`, `TARGET`) VALUES (96, 1, '2023-05-22 09:35:02', 1, '2023-08-03 09:27:24', 2, 1, 5, '新增', 'add', 2, '/system/user/save', '1', 1, 1, 9999, '_event');
INSERT INTO `system_menu`(`ID`, `CREATE_ID`, `CREATE_TIME`, `OPERATER_ID`, `OPERATER_TIME`, `OPERATER_STATUS`, `IS_ENABLE`, `PARENT_ID`, `NAME`, `CODE`, `LEVEL`, `URL`, `ICON`, `INDEX_SORT`, `CATEGORY`, `TYPE`, `TARGET`) VALUES (97, 1, '2023-05-22 09:35:36', 1, '2023-05-22 09:35:36', 1, 1, 5, '编辑', 'edit', 2, '/system/user/edit', '1', 2, 1, 9999, '_event');
INSERT INTO `system_menu`(`ID`, `CREATE_ID`, `CREATE_TIME`, `OPERATER_ID`, `OPERATER_TIME`, `OPERATER_STATUS`, `IS_ENABLE`, `PARENT_ID`, `NAME`, `CODE`, `LEVEL`, `URL`, `ICON`, `INDEX_SORT`, `CATEGORY`, `TYPE`, `TARGET`) VALUES (98, 1, '2023-05-22 09:36:09', 1, '2023-05-22 09:36:09', 1, 1, 5, '修改密码', 'password', 2, '/system/user/password', '1', 3, 1, 9999, '_event');
INSERT INTO `system_menu`(`ID`, `CREATE_ID`, `CREATE_TIME`, `OPERATER_ID`, `OPERATER_TIME`, `OPERATER_STATUS`, `IS_ENABLE`, `PARENT_ID`, `NAME`, `CODE`, `LEVEL`, `URL`, `ICON`, `INDEX_SORT`, `CATEGORY`, `TYPE`, `TARGET`) VALUES (99, 1, '2023-05-22 09:43:24', 1, '2023-05-22 09:43:24', 1, 1, 5, '批量删除', 'batch_del', 2, '/system/user/batch/del', '1', 4, 1, 9999, '_event');
INSERT INTO `system_menu`(`ID`, `CREATE_ID`, `CREATE_TIME`, `OPERATER_ID`, `OPERATER_TIME`, `OPERATER_STATUS`, `IS_ENABLE`, `PARENT_ID`, `NAME`, `CODE`, `LEVEL`, `URL`, `ICON`, `INDEX_SORT`, `CATEGORY`, `TYPE`, `TARGET`) VALUES (100, 1, '2023-05-22 09:43:54', 1, '2023-05-22 09:43:54', 1, 1, 5, '删除', 'del', 2, '/system/user/del', '1', 5, 1, 9999, '_event');
INSERT INTO `system_menu`(`ID`, `CREATE_ID`, `CREATE_TIME`, `OPERATER_ID`, `OPERATER_TIME`, `OPERATER_STATUS`, `IS_ENABLE`, `PARENT_ID`, `NAME`, `CODE`, `LEVEL`, `URL`, `ICON`, `INDEX_SORT`, `CATEGORY`, `TYPE`, `TARGET`) VALUES (101, 1, '2023-05-22 09:49:49', 1, '2023-05-22 09:49:49', 1, 1, 5, '分页', 'find_page_list', 2, '/system/user/find/page/list', '1', 6, 1, 9999, '_event');
INSERT INTO `system_menu`(`ID`, `CREATE_ID`, `CREATE_TIME`, `OPERATER_ID`, `OPERATER_TIME`, `OPERATER_STATUS`, `IS_ENABLE`, `PARENT_ID`, `NAME`, `CODE`, `LEVEL`, `URL`, `ICON`, `INDEX_SORT`, `CATEGORY`, `TYPE`, `TARGET`) VALUES (103, 1, '2023-05-22 09:57:30', 1, '2023-05-22 09:57:30', 1, 1, 5, '查看', 'view', 2, '/system/user/get/by/id/info', '1', 8, 1, 9999, '_event');
INSERT INTO `system_menu`(`ID`, `CREATE_ID`, `CREATE_TIME`, `OPERATER_ID`, `OPERATER_TIME`, `OPERATER_STATUS`, `IS_ENABLE`, `PARENT_ID`, `NAME`, `CODE`, `LEVEL`, `URL`, `ICON`, `INDEX_SORT`, `CATEGORY`, `TYPE`, `TARGET`) VALUES (104, 1, '2023-05-22 10:09:24', 1, '2023-05-22 10:09:24', 1, 1, 5, '上传', 'upload', 2, '/systme/user/upload', '1', 9, 1, 9999, '_event');
INSERT INTO `system_menu`(`ID`, `CREATE_ID`, `CREATE_TIME`, `OPERATER_ID`, `OPERATER_TIME`, `OPERATER_STATUS`, `IS_ENABLE`, `PARENT_ID`, `NAME`, `CODE`, `LEVEL`, `URL`, `ICON`, `INDEX_SORT`, `CATEGORY`, `TYPE`, `TARGET`) VALUES (105, 1, '2023-05-22 10:10:03', 1, '2023-05-22 10:10:03', 1, 1, 5, '下载', 'download', 2, '/systme/user/download', '1', 10, 1, 9999, '_event');
INSERT INTO `system_menu`(`ID`, `CREATE_ID`, `CREATE_TIME`, `OPERATER_ID`, `OPERATER_TIME`, `OPERATER_STATUS`, `IS_ENABLE`, `PARENT_ID`, `NAME`, `CODE`, `LEVEL`, `URL`, `ICON`, `INDEX_SORT`, `CATEGORY`, `TYPE`, `TARGET`) VALUES (106, 1, '2023-05-22 09:35:02', 1, '2023-05-22 09:35:02', 1, 1, 6, '新增', 'add', 2, '/system/role/save', '1', 1, 1, 9999, '_event');
INSERT INTO `system_menu`(`ID`, `CREATE_ID`, `CREATE_TIME`, `OPERATER_ID`, `OPERATER_TIME`, `OPERATER_STATUS`, `IS_ENABLE`, `PARENT_ID`, `NAME`, `CODE`, `LEVEL`, `URL`, `ICON`, `INDEX_SORT`, `CATEGORY`, `TYPE`, `TARGET`) VALUES (107, 1, '2023-05-22 09:35:36', 1, '2023-05-22 09:35:36', 1, 1, 6, '编辑', 'edit', 2, '/system/role/edit', '1', 2, 1, 9999, '_event');
INSERT INTO `system_menu`(`ID`, `CREATE_ID`, `CREATE_TIME`, `OPERATER_ID`, `OPERATER_TIME`, `OPERATER_STATUS`, `IS_ENABLE`, `PARENT_ID`, `NAME`, `CODE`, `LEVEL`, `URL`, `ICON`, `INDEX_SORT`, `CATEGORY`, `TYPE`, `TARGET`) VALUES (108, 1, '2023-05-22 09:43:24', 1, '2023-05-22 09:43:24', 1, 1, 6, '批量删除', 'batch_del', 2, '/system/role/batch/del', '1', 4, 1, 9999, '_event');
INSERT INTO `system_menu`(`ID`, `CREATE_ID`, `CREATE_TIME`, `OPERATER_ID`, `OPERATER_TIME`, `OPERATER_STATUS`, `IS_ENABLE`, `PARENT_ID`, `NAME`, `CODE`, `LEVEL`, `URL`, `ICON`, `INDEX_SORT`, `CATEGORY`, `TYPE`, `TARGET`) VALUES (109, 1, '2023-05-22 09:43:54', 1, '2023-05-22 09:43:54', 1, 1, 6, '删除', 'del', 2, '/system/role/del', '1', 5, 1, 9999, '_event');
INSERT INTO `system_menu`(`ID`, `CREATE_ID`, `CREATE_TIME`, `OPERATER_ID`, `OPERATER_TIME`, `OPERATER_STATUS`, `IS_ENABLE`, `PARENT_ID`, `NAME`, `CODE`, `LEVEL`, `URL`, `ICON`, `INDEX_SORT`, `CATEGORY`, `TYPE`, `TARGET`) VALUES (110, 1, '2023-05-22 09:49:49', 1, '2023-05-22 09:49:49', 1, 1, 6, '分页', 'find_page_list', 2, '/system/role/find/page/list', '1', 6, 1, 9999, '_event');
INSERT INTO `system_menu`(`ID`, `CREATE_ID`, `CREATE_TIME`, `OPERATER_ID`, `OPERATER_TIME`, `OPERATER_STATUS`, `IS_ENABLE`, `PARENT_ID`, `NAME`, `CODE`, `LEVEL`, `URL`, `ICON`, `INDEX_SORT`, `CATEGORY`, `TYPE`, `TARGET`) VALUES (112, 1, '2023-05-22 09:57:30', 1, '2023-05-22 09:57:30', 1, 1, 6, '查看', 'view', 2, '/system/role/get/by/id/info', '1', 8, 1, 9999, '_event');
INSERT INTO `system_menu`(`ID`, `CREATE_ID`, `CREATE_TIME`, `OPERATER_ID`, `OPERATER_TIME`, `OPERATER_STATUS`, `IS_ENABLE`, `PARENT_ID`, `NAME`, `CODE`, `LEVEL`, `URL`, `ICON`, `INDEX_SORT`, `CATEGORY`, `TYPE`, `TARGET`) VALUES (113, 1, '2023-05-22 09:35:02', 1, '2023-05-22 09:35:02', 1, 1, 7, '新增', 'add', 2, '/system/menu/save', '1', 1, 1, 9999, '_event');
INSERT INTO `system_menu`(`ID`, `CREATE_ID`, `CREATE_TIME`, `OPERATER_ID`, `OPERATER_TIME`, `OPERATER_STATUS`, `IS_ENABLE`, `PARENT_ID`, `NAME`, `CODE`, `LEVEL`, `URL`, `ICON`, `INDEX_SORT`, `CATEGORY`, `TYPE`, `TARGET`) VALUES (114, 1, '2023-05-22 09:35:36', 1, '2023-05-22 09:35:36', 1, 1, 7, '编辑', 'edit', 2, '/system/menu/edit', '1', 2, 1, 9999, '_event');
INSERT INTO `system_menu`(`ID`, `CREATE_ID`, `CREATE_TIME`, `OPERATER_ID`, `OPERATER_TIME`, `OPERATER_STATUS`, `IS_ENABLE`, `PARENT_ID`, `NAME`, `CODE`, `LEVEL`, `URL`, `ICON`, `INDEX_SORT`, `CATEGORY`, `TYPE`, `TARGET`) VALUES (115, 1, '2023-05-22 09:43:24', 1, '2023-05-22 09:43:24', 1, 1, 7, '批量删除', 'batch_del', 2, '/system/menu/batch/del', '1', 4, 1, 9999, '_event');
INSERT INTO `system_menu`(`ID`, `CREATE_ID`, `CREATE_TIME`, `OPERATER_ID`, `OPERATER_TIME`, `OPERATER_STATUS`, `IS_ENABLE`, `PARENT_ID`, `NAME`, `CODE`, `LEVEL`, `URL`, `ICON`, `INDEX_SORT`, `CATEGORY`, `TYPE`, `TARGET`) VALUES (116, 1, '2023-05-22 09:43:54', 1, '2023-05-22 09:43:54', 1, 1, 7, '删除', 'del', 2, '/system/menu/del', '1', 5, 1, 9999, '_event');
INSERT INTO `system_menu`(`ID`, `CREATE_ID`, `CREATE_TIME`, `OPERATER_ID`, `OPERATER_TIME`, `OPERATER_STATUS`, `IS_ENABLE`, `PARENT_ID`, `NAME`, `CODE`, `LEVEL`, `URL`, `ICON`, `INDEX_SORT`, `CATEGORY`, `TYPE`, `TARGET`) VALUES (117, 1, '2023-05-22 09:49:49', 1, '2023-05-22 09:49:49', 1, 1, 7, '分页', 'find_page_list', 2, '/system/menu/find/page/list', '1', 6, 1, 9999, '_event');
INSERT INTO `system_menu`(`ID`, `CREATE_ID`, `CREATE_TIME`, `OPERATER_ID`, `OPERATER_TIME`, `OPERATER_STATUS`, `IS_ENABLE`, `PARENT_ID`, `NAME`, `CODE`, `LEVEL`, `URL`, `ICON`, `INDEX_SORT`, `CATEGORY`, `TYPE`, `TARGET`) VALUES (119, 1, '2023-05-22 09:57:30', 1, '2023-05-22 09:57:30', 1, 1, 7, '查看', 'view', 2, '/system/menu/get/by/id/info', '1', 8, 1, 9999, '_event');
INSERT INTO `system_menu`(`ID`, `CREATE_ID`, `CREATE_TIME`, `OPERATER_ID`, `OPERATER_TIME`, `OPERATER_STATUS`, `IS_ENABLE`, `PARENT_ID`, `NAME`, `CODE`, `LEVEL`, `URL`, `ICON`, `INDEX_SORT`, `CATEGORY`, `TYPE`, `TARGET`) VALUES (120, 1, '2023-05-22 10:37:07', 1, '2023-05-22 10:37:07', 1, 1, 7, '查询上级信息', 'get_parent_info', 3, '/system/menu/get/by/parent/id/info', '1', 9, 1, 9999, '_event');
INSERT INTO `system_menu`(`ID`, `CREATE_ID`, `CREATE_TIME`, `OPERATER_ID`, `OPERATER_TIME`, `OPERATER_STATUS`, `IS_ENABLE`, `PARENT_ID`, `NAME`, `CODE`, `LEVEL`, `URL`, `ICON`, `INDEX_SORT`, `CATEGORY`, `TYPE`, `TARGET`) VALUES (121, 1, '2023-05-22 10:39:42', 1, '2023-05-22 10:39:42', 1, 1, 7, '查询菜单树列表', 'find_tree_menu_list', 3, '/system/menu/find/menu/tree/list', '1', 10, 1, 9999, '_event');
INSERT INTO `system_menu`(`ID`, `CREATE_ID`, `CREATE_TIME`, `OPERATER_ID`, `OPERATER_TIME`, `OPERATER_STATUS`, `IS_ENABLE`, `PARENT_ID`, `NAME`, `CODE`, `LEVEL`, `URL`, `ICON`, `INDEX_SORT`, `CATEGORY`, `TYPE`, `TARGET`) VALUES (122, 1, '2023-05-22 10:45:14', 1, '2023-05-22 10:45:14', 1, 1, 9, '用户分页列表', 'find_user_page_list', 3, '/system/user/role/find/user/role/user/page/list', '1', 1, 1, 9999, '_event');
INSERT INTO `system_menu`(`ID`, `CREATE_ID`, `CREATE_TIME`, `OPERATER_ID`, `OPERATER_TIME`, `OPERATER_STATUS`, `IS_ENABLE`, `PARENT_ID`, `NAME`, `CODE`, `LEVEL`, `URL`, `ICON`, `INDEX_SORT`, `CATEGORY`, `TYPE`, `TARGET`) VALUES (123, 1, '2023-05-22 10:46:11', 1, '2023-05-22 10:46:11', 1, 1, 9, '角色列表', 'find_role_page_list', 3, '/system/user/role/find/user/role/role/page/list', '1', 2, 1, 9999, '_event');
INSERT INTO `system_menu`(`ID`, `CREATE_ID`, `CREATE_TIME`, `OPERATER_ID`, `OPERATER_TIME`, `OPERATER_STATUS`, `IS_ENABLE`, `PARENT_ID`, `NAME`, `CODE`, `LEVEL`, `URL`, `ICON`, `INDEX_SORT`, `CATEGORY`, `TYPE`, `TARGET`) VALUES (124, 1, '2023-05-22 10:48:11', 1, '2023-05-22 10:48:11', 1, 1, 9, '保存', 'save', 3, '/system/user/role/save', '1', 3, 1, 9999, '_event');
INSERT INTO `system_menu`(`ID`, `CREATE_ID`, `CREATE_TIME`, `OPERATER_ID`, `OPERATER_TIME`, `OPERATER_STATUS`, `IS_ENABLE`, `PARENT_ID`, `NAME`, `CODE`, `LEVEL`, `URL`, `ICON`, `INDEX_SORT`, `CATEGORY`, `TYPE`, `TARGET`) VALUES (125, 1, '2023-05-22 10:53:38', 1, '2023-05-22 10:53:38', 1, 1, 10, '角色分页列表', 'find_role_page_list', 3, '/system/role/menu/find/role/param/list', '1', 1, 1, 9999, '_event');
INSERT INTO `system_menu`(`ID`, `CREATE_ID`, `CREATE_TIME`, `OPERATER_ID`, `OPERATER_TIME`, `OPERATER_STATUS`, `IS_ENABLE`, `PARENT_ID`, `NAME`, `CODE`, `LEVEL`, `URL`, `ICON`, `INDEX_SORT`, `CATEGORY`, `TYPE`, `TARGET`) VALUES (126, 1, '2023-05-22 11:05:58', 1, '2023-05-22 11:05:58', 1, 1, 10, '查询菜单树列表', 'find_tree_menu_list', 3, '/system/role/menu/find/menu/tree/list', '1', 2, 1, 9999, '_event');
INSERT INTO `system_menu`(`ID`, `CREATE_ID`, `CREATE_TIME`, `OPERATER_ID`, `OPERATER_TIME`, `OPERATER_STATUS`, `IS_ENABLE`, `PARENT_ID`, `NAME`, `CODE`, `LEVEL`, `URL`, `ICON`, `INDEX_SORT`, `CATEGORY`, `TYPE`, `TARGET`) VALUES (127, 1, '2023-05-22 11:11:39', 1, '2023-05-22 11:11:39', 1, 1, 13, '分页', 'find_page_list', 3, '/system/log/find/page/list', '1', 1, 1, 9999, '_event');
INSERT INTO `system_menu`(`ID`, `CREATE_ID`, `CREATE_TIME`, `OPERATER_ID`, `OPERATER_TIME`, `OPERATER_STATUS`, `IS_ENABLE`, `PARENT_ID`, `NAME`, `CODE`, `LEVEL`, `URL`, `ICON`, `INDEX_SORT`, `CATEGORY`, `TYPE`, `TARGET`) VALUES (128, 1, '2023-05-22 11:12:53', 1, '2023-05-22 11:12:53', 1, 1, 13, '查看', 'view', 3, '/system/log/get/by/id/info', '1', 1, 1, 9999, '_event');
INSERT INTO `system_menu`(`ID`, `CREATE_ID`, `CREATE_TIME`, `OPERATER_ID`, `OPERATER_TIME`, `OPERATER_STATUS`, `IS_ENABLE`, `PARENT_ID`, `NAME`, `CODE`, `LEVEL`, `URL`, `ICON`, `INDEX_SORT`, `CATEGORY`, `TYPE`, `TARGET`) VALUES (129, 1, '2023-05-22 09:35:02', 1, '2023-05-22 09:35:02', 1, 1, 14, '新增', 'add', 2, '/system/type/save', '1', 1, 1, 9999, '_event');
INSERT INTO `system_menu`(`ID`, `CREATE_ID`, `CREATE_TIME`, `OPERATER_ID`, `OPERATER_TIME`, `OPERATER_STATUS`, `IS_ENABLE`, `PARENT_ID`, `NAME`, `CODE`, `LEVEL`, `URL`, `ICON`, `INDEX_SORT`, `CATEGORY`, `TYPE`, `TARGET`) VALUES (130, 1, '2023-05-22 09:35:36', 1, '2023-05-22 09:35:36', 1, 1, 14, '编辑', 'edit', 2, '/system/type/edit', '1', 2, 1, 9999, '_event');
INSERT INTO `system_menu`(`ID`, `CREATE_ID`, `CREATE_TIME`, `OPERATER_ID`, `OPERATER_TIME`, `OPERATER_STATUS`, `IS_ENABLE`, `PARENT_ID`, `NAME`, `CODE`, `LEVEL`, `URL`, `ICON`, `INDEX_SORT`, `CATEGORY`, `TYPE`, `TARGET`) VALUES (131, 1, '2023-05-22 09:43:24', 1, '2023-05-22 09:43:24', 1, 1, 14, '批量删除', 'batch_del', 2, '/system/type/batch/del', '1', 4, 1, 9999, '_event');
INSERT INTO `system_menu`(`ID`, `CREATE_ID`, `CREATE_TIME`, `OPERATER_ID`, `OPERATER_TIME`, `OPERATER_STATUS`, `IS_ENABLE`, `PARENT_ID`, `NAME`, `CODE`, `LEVEL`, `URL`, `ICON`, `INDEX_SORT`, `CATEGORY`, `TYPE`, `TARGET`) VALUES (132, 1, '2023-05-22 09:43:54', 1, '2023-05-22 09:43:54', 1, 1, 14, '删除', 'del', 2, '/system/type/del', '1', 5, 1, 9999, '_event');
INSERT INTO `system_menu`(`ID`, `CREATE_ID`, `CREATE_TIME`, `OPERATER_ID`, `OPERATER_TIME`, `OPERATER_STATUS`, `IS_ENABLE`, `PARENT_ID`, `NAME`, `CODE`, `LEVEL`, `URL`, `ICON`, `INDEX_SORT`, `CATEGORY`, `TYPE`, `TARGET`) VALUES (133, 1, '2023-05-22 09:49:49', 1, '2023-05-22 09:49:49', 1, 1, 14, '分页', 'find_page_list', 2, '/system/type/find/page/list', '1', 6, 1, 9999, '_event');
INSERT INTO `system_menu`(`ID`, `CREATE_ID`, `CREATE_TIME`, `OPERATER_ID`, `OPERATER_TIME`, `OPERATER_STATUS`, `IS_ENABLE`, `PARENT_ID`, `NAME`, `CODE`, `LEVEL`, `URL`, `ICON`, `INDEX_SORT`, `CATEGORY`, `TYPE`, `TARGET`) VALUES (135, 1, '2023-05-22 09:57:30', 1, '2023-05-22 09:57:30', 1, 1, 14, '查看', 'view', 2, '/system/type/get/by/id/info', '1', 8, 1, 9999, '_event');
INSERT INTO `system_menu`(`ID`, `CREATE_ID`, `CREATE_TIME`, `OPERATER_ID`, `OPERATER_TIME`, `OPERATER_STATUS`, `IS_ENABLE`, `PARENT_ID`, `NAME`, `CODE`, `LEVEL`, `URL`, `ICON`, `INDEX_SORT`, `CATEGORY`, `TYPE`, `TARGET`) VALUES (144, 1, '2023-05-22 09:35:02', 1, '2023-05-22 09:35:02', 1, 1, 16, '新增', 'add', 2, '/system/backstage/white/list/ip/save', '1', 1, 1, 9999, '_event');
INSERT INTO `system_menu`(`ID`, `CREATE_ID`, `CREATE_TIME`, `OPERATER_ID`, `OPERATER_TIME`, `OPERATER_STATUS`, `IS_ENABLE`, `PARENT_ID`, `NAME`, `CODE`, `LEVEL`, `URL`, `ICON`, `INDEX_SORT`, `CATEGORY`, `TYPE`, `TARGET`) VALUES (145, 1, '2023-05-22 09:35:36', 1, '2023-05-22 09:35:36', 1, 1, 16, '编辑', 'edit', 2, '/system/backstage/white/list/ip/edit', '1', 2, 1, 9999, '_event');
INSERT INTO `system_menu`(`ID`, `CREATE_ID`, `CREATE_TIME`, `OPERATER_ID`, `OPERATER_TIME`, `OPERATER_STATUS`, `IS_ENABLE`, `PARENT_ID`, `NAME`, `CODE`, `LEVEL`, `URL`, `ICON`, `INDEX_SORT`, `CATEGORY`, `TYPE`, `TARGET`) VALUES (146, 1, '2023-05-22 09:43:24', 1, '2023-05-22 09:43:24', 1, 1, 16, '批量删除', 'batch_del', 2, '/system/backstage/white/list/ip/del', '1', 4, 1, 9999, '_event');
INSERT INTO `system_menu`(`ID`, `CREATE_ID`, `CREATE_TIME`, `OPERATER_ID`, `OPERATER_TIME`, `OPERATER_STATUS`, `IS_ENABLE`, `PARENT_ID`, `NAME`, `CODE`, `LEVEL`, `URL`, `ICON`, `INDEX_SORT`, `CATEGORY`, `TYPE`, `TARGET`) VALUES (147, 1, '2023-05-22 09:43:54', 1, '2023-05-22 09:43:54', 1, 1, 16, '删除', 'del', 2, '/system/backstage/white/list/ip/del', '1', 5, 1, 9999, '_event');
INSERT INTO `system_menu`(`ID`, `CREATE_ID`, `CREATE_TIME`, `OPERATER_ID`, `OPERATER_TIME`, `OPERATER_STATUS`, `IS_ENABLE`, `PARENT_ID`, `NAME`, `CODE`, `LEVEL`, `URL`, `ICON`, `INDEX_SORT`, `CATEGORY`, `TYPE`, `TARGET`) VALUES (148, 1, '2023-05-22 09:49:49', 1, '2023-05-22 09:49:49', 1, 1, 16, '分页', 'find_page_list', 2, '/system/backstage/white/list/ip/find/page/list', '1', 6, 1, 9999, '_event');
INSERT INTO `system_menu`(`ID`, `CREATE_ID`, `CREATE_TIME`, `OPERATER_ID`, `OPERATER_TIME`, `OPERATER_STATUS`, `IS_ENABLE`, `PARENT_ID`, `NAME`, `CODE`, `LEVEL`, `URL`, `ICON`, `INDEX_SORT`, `CATEGORY`, `TYPE`, `TARGET`) VALUES (150, 1, '2023-05-22 09:57:30', 1, '2023-05-22 09:57:30', 1, 1, 16, '查看', 'view', 2, '/system/backstage/white/list/ip/get/by/id/info', '1', 8, 1, 9999, '_event');
INSERT INTO `system_menu`(`ID`, `CREATE_ID`, `CREATE_TIME`, `OPERATER_ID`, `OPERATER_TIME`, `OPERATER_STATUS`, `IS_ENABLE`, `PARENT_ID`, `NAME`, `CODE`, `LEVEL`, `URL`, `ICON`, `INDEX_SORT`, `CATEGORY`, `TYPE`, `TARGET`) VALUES (151, 1, '2023-05-22 09:35:02', 1, '2023-05-22 09:35:02', 1, 1, 17, '新增', 'add', 2, '/system/backstage/black/list/ip/save', '1', 1, 1, 9999, '_event');
INSERT INTO `system_menu`(`ID`, `CREATE_ID`, `CREATE_TIME`, `OPERATER_ID`, `OPERATER_TIME`, `OPERATER_STATUS`, `IS_ENABLE`, `PARENT_ID`, `NAME`, `CODE`, `LEVEL`, `URL`, `ICON`, `INDEX_SORT`, `CATEGORY`, `TYPE`, `TARGET`) VALUES (152, 1, '2023-05-22 09:35:36', 1, '2023-05-22 09:35:36', 1, 1, 17, '编辑', 'edit', 2, '/system/backstage/black/list/ip/edit', '1', 2, 1, 9999, '_event');
INSERT INTO `system_menu`(`ID`, `CREATE_ID`, `CREATE_TIME`, `OPERATER_ID`, `OPERATER_TIME`, `OPERATER_STATUS`, `IS_ENABLE`, `PARENT_ID`, `NAME`, `CODE`, `LEVEL`, `URL`, `ICON`, `INDEX_SORT`, `CATEGORY`, `TYPE`, `TARGET`) VALUES (153, 1, '2023-05-22 09:43:24', 1, '2023-05-22 09:43:24', 1, 1, 17, '批量删除', 'batch_del', 2, '/system/backstage/black/list/ip/batch/del', '1', 4, 1, 9999, '_event');
INSERT INTO `system_menu`(`ID`, `CREATE_ID`, `CREATE_TIME`, `OPERATER_ID`, `OPERATER_TIME`, `OPERATER_STATUS`, `IS_ENABLE`, `PARENT_ID`, `NAME`, `CODE`, `LEVEL`, `URL`, `ICON`, `INDEX_SORT`, `CATEGORY`, `TYPE`, `TARGET`) VALUES (154, 1, '2023-05-22 09:43:54', 1, '2023-05-22 09:43:54', 1, 1, 17, '删除', 'del', 2, '/system/backstage/black/list/ip/del', '1', 5, 1, 9999, '_event');
INSERT INTO `system_menu`(`ID`, `CREATE_ID`, `CREATE_TIME`, `OPERATER_ID`, `OPERATER_TIME`, `OPERATER_STATUS`, `IS_ENABLE`, `PARENT_ID`, `NAME`, `CODE`, `LEVEL`, `URL`, `ICON`, `INDEX_SORT`, `CATEGORY`, `TYPE`, `TARGET`) VALUES (155, 1, '2023-05-22 09:49:49', 1, '2023-05-22 09:49:49', 1, 1, 17, '分页', 'find_page_list', 2, '/system/backstage/black/list/ip/find/page/list', '1', 6, 1, 9999, '_event');
INSERT INTO `system_menu`(`ID`, `CREATE_ID`, `CREATE_TIME`, `OPERATER_ID`, `OPERATER_TIME`, `OPERATER_STATUS`, `IS_ENABLE`, `PARENT_ID`, `NAME`, `CODE`, `LEVEL`, `URL`, `ICON`, `INDEX_SORT`, `CATEGORY`, `TYPE`, `TARGET`) VALUES (157, 1, '2023-05-22 09:57:30', 1, '2023-05-22 09:57:30', 1, 1, 17, '查看', 'view', 2, '/system/backstage/black/list/ip/get/by/id/info', '1', 8, 1, 9999, '_event');
INSERT INTO `system_menu`(`ID`, `CREATE_ID`, `CREATE_TIME`, `OPERATER_ID`, `OPERATER_TIME`, `OPERATER_STATUS`, `IS_ENABLE`, `PARENT_ID`, `NAME`, `CODE`, `LEVEL`, `URL`, `ICON`, `INDEX_SORT`, `CATEGORY`, `TYPE`, `TARGET`) VALUES (158, 1, '2023-05-22 09:35:02', 1, '2023-05-22 09:35:02', 1, 1, 18, '新增', 'add', 2, '/system/front/white/list/ip/save', '1', 1, 1, 9999, '_event');
INSERT INTO `system_menu`(`ID`, `CREATE_ID`, `CREATE_TIME`, `OPERATER_ID`, `OPERATER_TIME`, `OPERATER_STATUS`, `IS_ENABLE`, `PARENT_ID`, `NAME`, `CODE`, `LEVEL`, `URL`, `ICON`, `INDEX_SORT`, `CATEGORY`, `TYPE`, `TARGET`) VALUES (159, 1, '2023-05-22 09:35:36', 1, '2023-05-22 09:35:36', 1, 1, 18, '编辑', 'edit', 2, '/system/front/white/list/ip/edit', '1', 2, 1, 9999, '_event');
INSERT INTO `system_menu`(`ID`, `CREATE_ID`, `CREATE_TIME`, `OPERATER_ID`, `OPERATER_TIME`, `OPERATER_STATUS`, `IS_ENABLE`, `PARENT_ID`, `NAME`, `CODE`, `LEVEL`, `URL`, `ICON`, `INDEX_SORT`, `CATEGORY`, `TYPE`, `TARGET`) VALUES (160, 1, '2023-05-22 09:43:24', 1, '2023-05-22 09:43:24', 1, 1, 18, '批量删除', 'batch_del', 2, '/system/front/white/list/ip/batch/del', '1', 4, 1, 9999, '_event');
INSERT INTO `system_menu`(`ID`, `CREATE_ID`, `CREATE_TIME`, `OPERATER_ID`, `OPERATER_TIME`, `OPERATER_STATUS`, `IS_ENABLE`, `PARENT_ID`, `NAME`, `CODE`, `LEVEL`, `URL`, `ICON`, `INDEX_SORT`, `CATEGORY`, `TYPE`, `TARGET`) VALUES (161, 1, '2023-05-22 09:43:54', 1, '2023-05-22 09:43:54', 1, 1, 18, '删除', 'del', 2, '/system/front/white/list/ip/del', '1', 5, 1, 9999, '_event');
INSERT INTO `system_menu`(`ID`, `CREATE_ID`, `CREATE_TIME`, `OPERATER_ID`, `OPERATER_TIME`, `OPERATER_STATUS`, `IS_ENABLE`, `PARENT_ID`, `NAME`, `CODE`, `LEVEL`, `URL`, `ICON`, `INDEX_SORT`, `CATEGORY`, `TYPE`, `TARGET`) VALUES (162, 1, '2023-05-22 09:49:49', 1, '2023-05-22 09:49:49', 1, 1, 18, '分页', 'find_page_list', 2, '/system/front/white/list/ip/find/page/list', '1', 6, 1, 9999, '_event');
INSERT INTO `system_menu`(`ID`, `CREATE_ID`, `CREATE_TIME`, `OPERATER_ID`, `OPERATER_TIME`, `OPERATER_STATUS`, `IS_ENABLE`, `PARENT_ID`, `NAME`, `CODE`, `LEVEL`, `URL`, `ICON`, `INDEX_SORT`, `CATEGORY`, `TYPE`, `TARGET`) VALUES (164, 1, '2023-05-22 09:57:30', 1, '2023-05-22 09:57:30', 1, 1, 18, '查看', 'view', 2, '/system/front/white/list/ip/get/by/id/info', '1', 8, 1, 9999, '_event');
INSERT INTO `system_menu`(`ID`, `CREATE_ID`, `CREATE_TIME`, `OPERATER_ID`, `OPERATER_TIME`, `OPERATER_STATUS`, `IS_ENABLE`, `PARENT_ID`, `NAME`, `CODE`, `LEVEL`, `URL`, `ICON`, `INDEX_SORT`, `CATEGORY`, `TYPE`, `TARGET`) VALUES (165, 1, '2023-05-22 09:35:02', 1, '2023-05-22 09:35:02', 1, 1, 19, '新增', 'add', 2, '/system/front/black/list/ip/save', '1', 1, 1, 9999, '_event');
INSERT INTO `system_menu`(`ID`, `CREATE_ID`, `CREATE_TIME`, `OPERATER_ID`, `OPERATER_TIME`, `OPERATER_STATUS`, `IS_ENABLE`, `PARENT_ID`, `NAME`, `CODE`, `LEVEL`, `URL`, `ICON`, `INDEX_SORT`, `CATEGORY`, `TYPE`, `TARGET`) VALUES (166, 1, '2023-05-22 09:35:36', 1, '2023-05-22 09:35:36', 1, 1, 19, '编辑', 'edit', 2, '/system/front/black/list/ip/edit', '1', 2, 1, 9999, '_event');
INSERT INTO `system_menu`(`ID`, `CREATE_ID`, `CREATE_TIME`, `OPERATER_ID`, `OPERATER_TIME`, `OPERATER_STATUS`, `IS_ENABLE`, `PARENT_ID`, `NAME`, `CODE`, `LEVEL`, `URL`, `ICON`, `INDEX_SORT`, `CATEGORY`, `TYPE`, `TARGET`) VALUES (167, 1, '2023-05-22 09:43:24', 1, '2023-05-22 09:43:24', 1, 1, 19, '批量删除', 'batch_del', 2, '/system/front/black/list/ip/batch/del', '1', 4, 1, 9999, '_event');
INSERT INTO `system_menu`(`ID`, `CREATE_ID`, `CREATE_TIME`, `OPERATER_ID`, `OPERATER_TIME`, `OPERATER_STATUS`, `IS_ENABLE`, `PARENT_ID`, `NAME`, `CODE`, `LEVEL`, `URL`, `ICON`, `INDEX_SORT`, `CATEGORY`, `TYPE`, `TARGET`) VALUES (168, 1, '2023-05-22 09:43:54', 1, '2023-05-22 09:43:54', 1, 1, 19, '删除', 'del', 2, '/system/front/black/list/ip/del', '1', 5, 1, 9999, '_event');
INSERT INTO `system_menu`(`ID`, `CREATE_ID`, `CREATE_TIME`, `OPERATER_ID`, `OPERATER_TIME`, `OPERATER_STATUS`, `IS_ENABLE`, `PARENT_ID`, `NAME`, `CODE`, `LEVEL`, `URL`, `ICON`, `INDEX_SORT`, `CATEGORY`, `TYPE`, `TARGET`) VALUES (169, 1, '2023-05-22 09:49:49', 1, '2023-05-22 09:49:49', 1, 1, 19, '分页', 'find_page_list', 2, '/system/front/black/list/ip/find/page/list', '1', 6, 1, 9999, '_event');
INSERT INTO `system_menu`(`ID`, `CREATE_ID`, `CREATE_TIME`, `OPERATER_ID`, `OPERATER_TIME`, `OPERATER_STATUS`, `IS_ENABLE`, `PARENT_ID`, `NAME`, `CODE`, `LEVEL`, `URL`, `ICON`, `INDEX_SORT`, `CATEGORY`, `TYPE`, `TARGET`) VALUES (171, 1, '2023-05-22 09:57:30', 1, '2023-05-22 09:57:30', 1, 1, 19, '查看', 'view', 2, '/system/front/black/list/ip/get/by/id/info', '1', 8, 1, 9999, '_event');



INSERT INTO `system_role`(`ID`, `CREATE_ID`, `CREATE_TIME`, `OPERATER_ID`, `OPERATER_TIME`, `OPERATER_STATUS`, `IS_ENABLE`, `ROLE_NAME`, `ROLE_CODE`,
                          `ROLE_LEVEL`, `DESCRIPTION`)
VALUES (1, 1, '2019-07-06 14:28:12', 1, '2019-07-20 10:32:50', 2, 1, '系统超级管理员', 'system_ultra_admin', 0, '系统超级管理员');
INSERT INTO `system_role`(`ID`, `CREATE_ID`, `CREATE_TIME`, `OPERATER_ID`, `OPERATER_TIME`, `OPERATER_STATUS`, `IS_ENABLE`, `ROLE_NAME`, `ROLE_CODE`,
                          `ROLE_LEVEL`, `DESCRIPTION`)
VALUES (2, 1, '2020-03-25 16:42:51', 1, '2020-03-25 16:42:51', 1, 1, '系统管理员', 'system_admin', 1, '系统管理员');



INSERT INTO `system_user` VALUES (1, 1, '2019-07-05 16:41:49', 1, '2019-07-05 16:41:51', 1, 0, 1, 1, 1, 'admin', 'ee3b6236f0d2a83560b8d6e31f85bfee', '管理员', NULL, NULL, '13984687666', 'test@qq.com', 0, NULL);
INSERT INTO `system_user` VALUES (2, 1, '2020-03-25 10:21:02', 1, '2020-03-25 10:21:02', 1, 1, 1, 1, 1, 'ceshi001', 'ee3b6236f0d2a83560b8d6e31f85bfee', '测试001', NULL, NULL, '13984687888', '123qwe@qq.com', 1, '测试');

INSERT INTO `tb_system_role_menu`(`ROLE_ID`, `MENU_ID`) VALUES (2, 1);
INSERT INTO `tb_system_role_menu`(`ROLE_ID`, `MENU_ID`) VALUES (2, 2);
INSERT INTO `tb_system_role_menu`(`ROLE_ID`, `MENU_ID`) VALUES (2, 3);
INSERT INTO `tb_system_role_menu`(`ROLE_ID`, `MENU_ID`) VALUES (2, 4);
INSERT INTO `tb_system_role_menu`(`ROLE_ID`, `MENU_ID`) VALUES (2, 5);
INSERT INTO `tb_system_role_menu`(`ROLE_ID`, `MENU_ID`) VALUES (2, 6);
INSERT INTO `tb_system_role_menu`(`ROLE_ID`, `MENU_ID`) VALUES (2, 7);
INSERT INTO `tb_system_role_menu`(`ROLE_ID`, `MENU_ID`) VALUES (2, 8);
INSERT INTO `tb_system_role_menu`(`ROLE_ID`, `MENU_ID`) VALUES (2, 9);
INSERT INTO `tb_system_role_menu`(`ROLE_ID`, `MENU_ID`) VALUES (2, 10);
INSERT INTO `tb_system_role_menu`(`ROLE_ID`, `MENU_ID`) VALUES (2, 11);
INSERT INTO `tb_system_role_menu`(`ROLE_ID`, `MENU_ID`) VALUES (2, 12);
INSERT INTO `tb_system_role_menu`(`ROLE_ID`, `MENU_ID`) VALUES (2, 13);
INSERT INTO `tb_system_role_menu`(`ROLE_ID`, `MENU_ID`) VALUES (2, 14);
INSERT INTO `tb_system_role_menu`(`ROLE_ID`, `MENU_ID`) VALUES (2, 15);
INSERT INTO `tb_system_role_menu`(`ROLE_ID`, `MENU_ID`) VALUES (2, 16);
INSERT INTO `tb_system_role_menu`(`ROLE_ID`, `MENU_ID`) VALUES (2, 17);
INSERT INTO `tb_system_role_menu`(`ROLE_ID`, `MENU_ID`) VALUES (2, 18);
INSERT INTO `tb_system_role_menu`(`ROLE_ID`, `MENU_ID`) VALUES (2, 19);
INSERT INTO `tb_system_role_menu`(`ROLE_ID`, `MENU_ID`) VALUES (2, 20);
INSERT INTO `tb_system_role_menu`(`ROLE_ID`, `MENU_ID`) VALUES (2, 21);
INSERT INTO `tb_system_role_menu`(`ROLE_ID`, `MENU_ID`) VALUES (2, 22);
INSERT INTO `tb_system_role_menu`(`ROLE_ID`, `MENU_ID`) VALUES (2, 23);
INSERT INTO `tb_system_role_menu`(`ROLE_ID`, `MENU_ID`) VALUES (2, 24);
INSERT INTO `tb_system_role_menu`(`ROLE_ID`, `MENU_ID`) VALUES (2, 25);
INSERT INTO `tb_system_role_menu`(`ROLE_ID`, `MENU_ID`) VALUES (2, 26);
INSERT INTO `tb_system_role_menu`(`ROLE_ID`, `MENU_ID`) VALUES (2, 27);
INSERT INTO `tb_system_role_menu`(`ROLE_ID`, `MENU_ID`) VALUES (2, 28);


INSERT INTO `tb_system_user_role`(`USER_ID`, `ROLE_ID`) VALUES (1, 1);
INSERT INTO `tb_system_user_role`(`USER_ID`, `ROLE_ID`) VALUES (2, 2);


INSERT INTO `system_type`(`ID`, `CREATE_ID`, `CREATE_TIME`, `OPERATER_ID`, `OPERATER_TIME`, `OPERATER_STATUS`, `IS_ENABLE`, `PARENT_ID`, `TYPE_NAME`, `TYPE_CODE`, `TYPE_VALUE`, `DESCRIPTION`) VALUES (1, 1, '2023-03-31 10:09:09', 1, '2023-03-31 10:09:09', 1, 1, 0, '操作状态', 'operaterStatus', 0, '操作状态');
INSERT INTO `system_type`(`ID`, `CREATE_ID`, `CREATE_TIME`, `OPERATER_ID`, `OPERATER_TIME`, `OPERATER_STATUS`, `IS_ENABLE`, `PARENT_ID`, `TYPE_NAME`, `TYPE_CODE`, `TYPE_VALUE`, `DESCRIPTION`) VALUES (2, 1, '2023-03-31 10:09:09', 1, '2023-03-31 10:09:09', 1, 1, 1, '删除', '-1', -1, '');
INSERT INTO `system_type`(`ID`, `CREATE_ID`, `CREATE_TIME`, `OPERATER_ID`, `OPERATER_TIME`, `OPERATER_STATUS`, `IS_ENABLE`, `PARENT_ID`, `TYPE_NAME`, `TYPE_CODE`, `TYPE_VALUE`, `DESCRIPTION`) VALUES (3, 1, '2023-03-31 10:09:09', 1, '2023-03-31 10:09:09', 1, 1, 1, '新增', '1', 1, '');
INSERT INTO `system_type`(`ID`, `CREATE_ID`, `CREATE_TIME`, `OPERATER_ID`, `OPERATER_TIME`, `OPERATER_STATUS`, `IS_ENABLE`, `PARENT_ID`, `TYPE_NAME`, `TYPE_CODE`, `TYPE_VALUE`, `DESCRIPTION`) VALUES (4, 1, '2023-03-31 10:09:09', 1, '2023-03-31 10:09:09', 1, 1, 1, '修改', '2', 2, '');
INSERT INTO `system_type`(`ID`, `CREATE_ID`, `CREATE_TIME`, `OPERATER_ID`, `OPERATER_TIME`, `OPERATER_STATUS`, `IS_ENABLE`, `PARENT_ID`, `TYPE_NAME`, `TYPE_CODE`, `TYPE_VALUE`, `DESCRIPTION`) VALUES (5, 1, '2023-03-31 10:12:23', 1, '2023-03-31 10:12:23', 1, 1, 0, '是否启用', 'isEnable', 0, '');
INSERT INTO `system_type`(`ID`, `CREATE_ID`, `CREATE_TIME`, `OPERATER_ID`, `OPERATER_TIME`, `OPERATER_STATUS`, `IS_ENABLE`, `PARENT_ID`, `TYPE_NAME`, `TYPE_CODE`, `TYPE_VALUE`, `DESCRIPTION`) VALUES (6, 1, '2023-03-31 10:12:23', 1, '2023-03-31 10:12:23', 1, 1, 5, '是', '1', 1, '');
INSERT INTO `system_type`(`ID`, `CREATE_ID`, `CREATE_TIME`, `OPERATER_ID`, `OPERATER_TIME`, `OPERATER_STATUS`, `IS_ENABLE`, `PARENT_ID`, `TYPE_NAME`, `TYPE_CODE`, `TYPE_VALUE`, `DESCRIPTION`) VALUES (7, 1, '2023-03-31 10:12:23', 1, '2023-03-31 10:12:23', 1, 1, 5, '否', '2', 2, '');
INSERT INTO `system_type`(`ID`, `CREATE_ID`, `CREATE_TIME`, `OPERATER_ID`, `OPERATER_TIME`, `OPERATER_STATUS`, `IS_ENABLE`, `PARENT_ID`, `TYPE_NAME`, `TYPE_CODE`, `TYPE_VALUE`, `DESCRIPTION`) VALUES (8, 1, '2023-03-31 10:32:02', 1, '2023-03-31 10:32:02', 1, 1, 0, '分组状态', 'groupStatus', 0, '');
INSERT INTO `system_type`(`ID`, `CREATE_ID`, `CREATE_TIME`, `OPERATER_ID`, `OPERATER_TIME`, `OPERATER_STATUS`, `IS_ENABLE`, `PARENT_ID`, `TYPE_NAME`, `TYPE_CODE`, `TYPE_VALUE`, `DESCRIPTION`) VALUES (9, 1, '2023-03-31 10:32:30', 1, '2023-03-31 10:32:30', 1, 1, 8, '私有（默认）', 'private', 1, '');
INSERT INTO `system_type`(`ID`, `CREATE_ID`, `CREATE_TIME`, `OPERATER_ID`, `OPERATER_TIME`, `OPERATER_STATUS`, `IS_ENABLE`, `PARENT_ID`, `TYPE_NAME`, `TYPE_CODE`, `TYPE_VALUE`, `DESCRIPTION`) VALUES (10, 1, '2023-03-31 10:32:30', 1, '2023-03-31 10:32:30', 1, 1, 8, '公开（不推荐使用）', 'public', 2, '');
INSERT INTO `system_type`(`ID`, `CREATE_ID`, `CREATE_TIME`, `OPERATER_ID`, `OPERATER_TIME`, `OPERATER_STATUS`, `IS_ENABLE`, `PARENT_ID`, `TYPE_NAME`, `TYPE_CODE`, `TYPE_VALUE`, `DESCRIPTION`) VALUES (11, 1, '2023-03-31 10:32:30', 1, '2023-03-31 10:32:30', 1, 1, 8, '只读', 'readonly', 3, '');
INSERT INTO `system_type`(`ID`, `CREATE_ID`, `CREATE_TIME`, `OPERATER_ID`, `OPERATER_TIME`, `OPERATER_STATUS`, `IS_ENABLE`, `PARENT_ID`, `TYPE_NAME`, `TYPE_CODE`, `TYPE_VALUE`, `DESCRIPTION`) VALUES (12, 1, '2023-03-31 10:32:30', 1, '2023-03-31 10:32:30', 1, 1, 8, '只写', 'writeonly', 5, '');
INSERT INTO `system_type`(`ID`, `CREATE_ID`, `CREATE_TIME`, `OPERATER_ID`, `OPERATER_TIME`, `OPERATER_STATUS`, `IS_ENABLE`, `PARENT_ID`, `TYPE_NAME`, `TYPE_CODE`, `TYPE_VALUE`, `DESCRIPTION`) VALUES (13, 1, '2023-03-31 10:32:30', 1, '2023-03-31 10:32:30', 1, 1, 8, '读写', 'readwrite', 6, '');
INSERT INTO `system_type`(`ID`, `CREATE_ID`, `CREATE_TIME`, `OPERATER_ID`, `OPERATER_TIME`, `OPERATER_STATUS`, `IS_ENABLE`, `PARENT_ID`, `TYPE_NAME`, `TYPE_CODE`, `TYPE_VALUE`, `DESCRIPTION`) VALUES (14, 1, '2023-05-04 17:01:44', 1, '2023-05-04 17:01:44', 1, 1, 0, '系统菜单类型', 'systemMenuType', 0, '');
INSERT INTO `system_type`(`ID`, `CREATE_ID`, `CREATE_TIME`, `OPERATER_ID`, `OPERATER_TIME`, `OPERATER_STATUS`, `IS_ENABLE`, `PARENT_ID`, `TYPE_NAME`, `TYPE_CODE`, `TYPE_VALUE`, `DESCRIPTION`) VALUES (15, 1, '2023-05-04 17:02:16', 1, '2023-05-04 17:02:16', 1, 1, 0, '系统菜单类别', 'systemMenuCategory', 0, '');
INSERT INTO `system_type`(`ID`, `CREATE_ID`, `CREATE_TIME`, `OPERATER_ID`, `OPERATER_TIME`, `OPERATER_STATUS`, `IS_ENABLE`, `PARENT_ID`, `TYPE_NAME`, `TYPE_CODE`, `TYPE_VALUE`, `DESCRIPTION`) VALUES (16, 1, '2023-05-04 17:02:47', 1, '2023-05-04 17:02:47', 1, 1, 0, '系统菜单打开方式', 'systemMenuTarget', 0, '');
INSERT INTO `system_type`(`ID`, `CREATE_ID`, `CREATE_TIME`, `OPERATER_ID`, `OPERATER_TIME`, `OPERATER_STATUS`, `IS_ENABLE`, `PARENT_ID`, `TYPE_NAME`, `TYPE_CODE`, `TYPE_VALUE`, `DESCRIPTION`) VALUES (17, 1, '2023-05-04 17:03:34', 1, '2023-05-04 17:03:34', 1, 1, 14, '管理员菜单', 'systemMenu', 9999, '');
INSERT INTO `system_type`(`ID`, `CREATE_ID`, `CREATE_TIME`, `OPERATER_ID`, `OPERATER_TIME`, `OPERATER_STATUS`, `IS_ENABLE`, `PARENT_ID`, `TYPE_NAME`, `TYPE_CODE`, `TYPE_VALUE`, `DESCRIPTION`) VALUES (18, 1, '2023-05-04 17:04:22', 1, '2023-05-04 17:04:22', 1, 1, 14, '普通菜单', 'regularMenu', 1, '');
INSERT INTO `system_type`(`ID`, `CREATE_ID`, `CREATE_TIME`, `OPERATER_ID`, `OPERATER_TIME`, `OPERATER_STATUS`, `IS_ENABLE`, `PARENT_ID`, `TYPE_NAME`, `TYPE_CODE`, `TYPE_VALUE`, `DESCRIPTION`) VALUES (19, 1, '2023-05-04 17:04:56', 1, '2023-05-04 17:04:56', 1, 1, 15, '菜单', 'menu', 9999, '');
INSERT INTO `system_type`(`ID`, `CREATE_ID`, `CREATE_TIME`, `OPERATER_ID`, `OPERATER_TIME`, `OPERATER_STATUS`, `IS_ENABLE`, `PARENT_ID`, `TYPE_NAME`, `TYPE_CODE`, `TYPE_VALUE`, `DESCRIPTION`) VALUES (20, 1, '2023-05-04 17:05:12', 1, '2023-05-04 17:05:12', 1, 1, 15, '按钮', 'button', 1, '');
INSERT INTO `system_type`(`ID`, `CREATE_ID`, `CREATE_TIME`, `OPERATER_ID`, `OPERATER_TIME`, `OPERATER_STATUS`, `IS_ENABLE`, `PARENT_ID`, `TYPE_NAME`, `TYPE_CODE`, `TYPE_VALUE`, `DESCRIPTION`) VALUES (21, 1, '2023-05-04 17:05:33', 1, '2023-05-04 17:05:33', 1, 1, 16, '浏览器打开一个新的页面', '_blank', 1, '');
INSERT INTO `system_type`(`ID`, `CREATE_ID`, `CREATE_TIME`, `OPERATER_ID`, `OPERATER_TIME`, `OPERATER_STATUS`, `IS_ENABLE`, `PARENT_ID`, `TYPE_NAME`, `TYPE_CODE`, `TYPE_VALUE`, `DESCRIPTION`) VALUES (22, 1, '2023-05-04 17:05:47', 1, '2023-05-04 17:05:47', 1, 1, 16, '在我的首页后面打开一个新的窗口', '_self', 2, '');
INSERT INTO `system_type`(`ID`, `CREATE_ID`, `CREATE_TIME`, `OPERATER_ID`, `OPERATER_TIME`, `OPERATER_STATUS`, `IS_ENABLE`, `PARENT_ID`, `TYPE_NAME`, `TYPE_CODE`, `TYPE_VALUE`, `DESCRIPTION`) VALUES (23, 1, '2023-05-04 17:05:57', 1, '2023-05-04 17:05:57', 1, 1, 16, '子项菜单', '_item', 3, '');
INSERT INTO `system_type`(`ID`, `CREATE_ID`, `CREATE_TIME`, `OPERATER_ID`, `OPERATER_TIME`, `OPERATER_STATUS`, `IS_ENABLE`, `PARENT_ID`, `TYPE_NAME`, `TYPE_CODE`, `TYPE_VALUE`, `DESCRIPTION`) VALUES (24, 1, '2023-05-05 17:28:44', 1, '2023-05-06 09:50:07', 2, 1, 16, '提交事件', '_event', 4, '');
